Customer_ID,Age,Income,City,Account_Type,Account_Open_Year
C1000,59,24018,Delhi,Savings,2018
C1001,49,31302,Chennai,Savings,2018
C1002,35,87506,Chennai,Current,2008
C1003,63,61157,Chennai,Savings,2010
C1004,28,74917,Delhi,Savings,2015
C1005,41,112738,Delhi,Current,2007
C1006,59,116646,Chennai,Current,2012
C1007,39,103122,Hyderabad,Current,2007
C1008,43,44519,Hyderabad,Current,2018
C1009,31,116809,Mumbai,Current,2017
C1010,31,107487,Bangalore,Savings,2017
C1011,44,76819,Hyderabad,Current,2006
C1012,56,100910,Delhi,Savings,2017
C1013,60,140430,Hyderabad,Savings,2010
C1014,44,91324,Mumbai,Current,2020
C1015,23,25408,Mumbai,Current,2006
C1016,42,79379,Bangalore,Current,2012
C1017,22,45053,Hyderabad,Savings,2021
C1018,44,29446,Delhi,Current,2006
C1019,64,20922,Delhi,Current,2014
C1020,50,118723,Chennai,Current,2020
C1021,58,71356,Delhi,Current,2010
C1022,22,30789,Bangalore,Current,2006
C1023,41,117720,Bangalore,Savings,2006
C1024,53,86656,Delhi,Savings,2017
C1025,32,64028,Delhi,Savings,2019
C1026,42,84484,Chennai,Current,2006
C1027,64,52154,Delhi,Current,2011
C1028,45,102870,Chennai,Current,2007
C1029,47,22336,Chennai,Savings,2012
C1030,62,123677,Delhi,Current,2018
C1031,48,87779,Mumbai,Current,2011
C1032,36,39029,Mumbai,Current,2011
C1033,35,79201,Chennai,Savings,2005
C1034,64,52265,Delhi,Current,2021
C1035,23,122916,Mumbai,Savings,2013
C1036,57,132250,Delhi,Current,2017
C1037,27,136553,Delhi,Savings,2021
C1038,41,63872,Delhi,Savings,2014
C1039,29,66197,Hyderabad,Savings,2014
C1040,59,145733,Delhi,Current,2008
C1041,38,75180,Hyderabad,Current,2012
C1042,24,43710,Chennai,Savings,2018
C1043,45,49486,Mumbai,Savings,2018
C1044,34,91907,Mumbai,Current,2019
C1045,29,148876,Mumbai,Current,2008
C1046,46,91895,Mumbai,Savings,2017
C1047,22,84435,Mumbai,Current,2012
C1048,40,60631,Mumbai,Current,2016
C1049,48,149038,Mumbai,Current,2018
C1050,27,121532,Chennai,Current,2006
C1051,64,40103,Delhi,Savings,2006
C1052,28,84772,Bangalore,Current,2015
C1053,55,146108,Hyderabad,Current,2013
C1054,34,34382,Bangalore,Savings,2016
C1055,37,104291,Bangalore,Savings,2021
C1056,56,121195,Delhi,Current,2019
C1057,60,23756,Delhi,Current,2021
C1058,24,40609,Delhi,Current,2010
C1059,22,134074,Mumbai,Current,2021
C1060,26,36478,Chennai,Savings,2012
C1061,62,120978,Mumbai,Savings,2013
C1062,24,59666,Chennai,Savings,2010
C1063,49,95683,Chennai,Current,2009
C1064,38,119097,Bangalore,Current,2016
C1065,46,144714,Bangalore,Current,2015
C1066,64,120420,Chennai,Current,2005
C1067,54,91315,Chennai,Savings,2015
C1068,30,97834,Mumbai,Savings,2013
C1069,56,146205,Mumbai,Current,2006
C1070,34,34153,Bangalore,Savings,2016
C1071,51,129415,Delhi,Current,2008
C1072,35,96325,Chennai,Current,2008
C1073,28,129701,Mumbai,Savings,2019
C1074,34,32999,Bangalore,Current,2017
C1075,43,75318,Mumbai,Current,2021
C1076,60,20814,Chennai,Savings,2010
C1077,41,135033,Chennai,Current,2020
C1078,36,96077,Hyderabad,Current,2016
C1079,38,110474,Delhi,Savings,2009
C1080,44,22443,Hyderabad,Current,2021
C1081,46,95993,Bangalore,Savings,2005
C1082,45,95916,Mumbai,Current,2014
C1083,61,93319,Bangalore,Savings,2019
C1084,49,145885,Chennai,Savings,2015
C1085,35,129777,Hyderabad,Savings,2017
C1086,21,37368,Hyderabad,Current,2009
C1087,45,35328,Hyderabad,Savings,2005
C1088,27,76942,Bangalore,Savings,2016
C1089,29,111751,Chennai,Savings,2015
C1090,44,119131,Mumbai,Savings,2021
C1091,21,47306,Mumbai,Savings,2008
C1092,64,105451,Bangalore,Current,2019
C1093,28,59915,Hyderabad,Current,2013
C1094,44,57219,Delhi,Current,2016
C1095,31,100879,Bangalore,Current,2009
C1096,37,131939,Bangalore,Current,2014
C1097,28,84644,Chennai,Current,2021
C1098,55,80279,Mumbai,Current,2009
C1099,55,73028,Bangalore,Savings,2020
C1100,53,124263,Bangalore,Current,2011
C1101,25,20126,Hyderabad,Savings,2013
C1102,62,72329,Hyderabad,Savings,2007
C1103,59,47632,Delhi,Current,2019
C1104,61,127099,Chennai,Savings,2020
C1105,48,85310,Delhi,Savings,2018
C1106,27,129945,Hyderabad,Savings,2007
C1107,29,75176,Mumbai,Savings,2016
C1108,28,139797,Hyderabad,Current,2013
C1109,32,106066,Chennai,Current,2011
C1110,54,125500,Hyderabad,Current,2013
C1111,53,146413,Chennai,Current,2017
C1112,43,64327,Chennai,Current,2009
C1113,44,88904,Chennai,Current,2017
C1114,57,23797,Chennai,Current,2008
C1115,55,67882,Chennai,Current,2006
C1116,64,33718,Mumbai,Current,2020
C1117,60,54560,Delhi,Current,2013
C1118,42,96589,Bangalore,Savings,2013
C1119,47,42116,Delhi,Current,2010
C1120,55,56244,Chennai,Savings,2015
C1121,21,121721,Mumbai,Savings,2005
C1122,55,21645,Hyderabad,Savings,2008
C1123,57,67523,Mumbai,Savings,2017
C1124,34,144085,Chennai,Current,2017
C1125,23,137718,Mumbai,Savings,2017
C1126,21,39256,Mumbai,Current,2006
C1127,25,121376,Chennai,Current,2013
C1128,46,120158,Mumbai,Savings,2012
C1129,34,73173,Bangalore,Current,2011
C1130,59,57430,Bangalore,Savings,2008
C1131,47,59282,Mumbai,Savings,2007
C1132,29,139719,Hyderabad,Current,2010
C1133,35,83374,Chennai,Current,2016
C1134,35,88244,Bangalore,Savings,2016
C1135,46,31694,Hyderabad,Current,2012
C1136,62,76264,Mumbai,Current,2005
C1137,33,95060,Hyderabad,Current,2008
C1138,52,117416,Delhi,Savings,2015
C1139,59,77545,Bangalore,Savings,2007
C1140,52,138195,Mumbai,Current,2017
C1141,24,59224,Chennai,Current,2021
C1142,50,122516,Mumbai,Current,2014
C1143,57,117945,Chennai,Current,2016
C1144,43,33224,Mumbai,Current,2019
C1145,59,60738,Hyderabad,Savings,2014
C1146,35,45150,Hyderabad,Current,2018
C1147,63,83731,Hyderabad,Savings,2017
C1148,49,69688,Delhi,Current,2009
C1149,56,119929,Chennai,Savings,2010
C1150,33,128618,Hyderabad,Current,2006
C1151,52,93509,Delhi,Savings,2021
C1152,27,28577,Chennai,Current,2008
C1153,42,28070,Mumbai,Savings,2018
C1154,48,146161,Delhi,Savings,2014
C1155,22,28666,Bangalore,Savings,2007
C1156,62,77761,Delhi,Savings,2007
C1157,26,141178,Delhi,Savings,2019
C1158,48,56368,Chennai,Savings,2010
C1159,48,26783,Mumbai,Current,2021
C1160,64,131530,Bangalore,Savings,2016
C1161,64,61914,Hyderabad,Current,2015
C1162,40,90507,Hyderabad,Current,2008
C1163,50,147738,Delhi,Current,2010
C1164,31,99026,Chennai,Current,2005
C1165,48,135893,Chennai,Current,2020
C1166,45,131255,Hyderabad,Savings,2019
C1167,59,130616,Bangalore,Savings,2021
C1168,53,87526,Mumbai,Savings,2012
C1169,21,90835,Bangalore,Current,2016
C1170,47,65765,Mumbai,Savings,2014
C1171,33,39956,Hyderabad,Savings,2019
C1172,61,107895,Mumbai,Savings,2013
C1173,23,66240,Chennai,Savings,2006
C1174,59,141008,Delhi,Savings,2009
C1175,26,57148,Delhi,Current,2010
C1176,28,114270,Hyderabad,Savings,2011
C1177,47,147978,Chennai,Current,2005
C1178,29,24757,Bangalore,Current,2011
C1179,57,39097,Chennai,Current,2016
C1180,53,30395,Delhi,Current,2020
C1181,62,36241,Delhi,Current,2020
C1182,64,123892,Chennai,Savings,2015
C1183,44,47696,Chennai,Savings,2008
C1184,35,135654,Delhi,Savings,2017
C1185,52,90480,Bangalore,Current,2011
C1186,52,66163,Hyderabad,Savings,2008
C1187,44,39816,Hyderabad,Savings,2019
C1188,61,69840,Chennai,Current,2013
C1189,32,122547,Hyderabad,Current,2015
C1190,59,72853,Delhi,Current,2012
C1191,22,44917,Delhi,Current,2005
C1192,23,116731,Chennai,Savings,2012
C1193,57,41566,Chennai,Current,2017
C1194,37,95452,Chennai,Current,2008
C1195,22,82823,Bangalore,Savings,2012
C1196,22,141392,Hyderabad,Savings,2007
C1197,48,40806,Chennai,Current,2013
C1198,43,95520,Mumbai,Savings,2006
C1199,57,21759,Mumbai,Current,2006
C1200,52,146092,Delhi,Current,2017
C1201,53,61949,Hyderabad,Savings,2019
C1202,21,112374,Chennai,Savings,2016
C1203,39,22482,Mumbai,Current,2008
C1204,22,44442,Hyderabad,Current,2012
C1205,64,53719,Delhi,Current,2013
C1206,46,78066,Bangalore,Savings,2009
C1207,52,113501,Hyderabad,Current,2015
C1208,26,22079,Hyderabad,Current,2019
C1209,52,22717,Bangalore,Current,2013
C1210,24,79676,Hyderabad,Current,2021
C1211,31,47952,Delhi,Current,2016
C1212,37,106444,Delhi,Savings,2011
C1213,58,62460,Bangalore,Current,2014
C1214,44,110397,Chennai,Current,2014
C1215,25,92847,Mumbai,Current,2017
C1216,54,113607,Chennai,Current,2015
C1217,26,109106,Hyderabad,Savings,2017
C1218,42,38449,Mumbai,Savings,2012
C1219,31,53536,Bangalore,Savings,2012
C1220,36,84077,Bangalore,Current,2008
C1221,53,58258,Mumbai,Current,2019
C1222,29,68302,Delhi,Savings,2015
C1223,26,145937,Mumbai,Savings,2015
C1224,36,48865,Hyderabad,Savings,2005
C1225,49,26645,Delhi,Current,2021
C1226,23,139771,Bangalore,Current,2019
C1227,40,58000,Mumbai,Savings,2010
C1228,56,46737,Chennai,Savings,2019
C1229,39,31485,Chennai,Savings,2013
C1230,46,58565,Hyderabad,Current,2018
C1231,23,45522,Chennai,Current,2021
C1232,39,139614,Mumbai,Current,2009
C1233,40,85155,Mumbai,Savings,2013
C1234,52,75168,Chennai,Savings,2015
C1235,27,72487,Mumbai,Current,2005
C1236,61,149948,Hyderabad,Savings,2010
C1237,53,32342,Delhi,Current,2006
C1238,60,60806,Hyderabad,Savings,2019
C1239,59,68770,Hyderabad,Savings,2018
C1240,38,98623,Mumbai,Savings,2009
C1241,60,123177,Delhi,Savings,2010
C1242,21,119785,Mumbai,Current,2010
C1243,31,95629,Bangalore,Savings,2018
C1244,48,140993,Mumbai,Current,2014
C1245,45,72603,Mumbai,Current,2018
C1246,43,146944,Mumbai,Current,2017
C1247,51,132726,Delhi,Savings,2007
C1248,50,101974,Mumbai,Current,2010
C1249,62,125947,Delhi,Current,2012
C1250,55,46399,Chennai,Current,2016
C1251,27,148177,Bangalore,Savings,2017
C1252,36,105382,Delhi,Savings,2015
C1253,46,101244,Chennai,Current,2016
C1254,22,129575,Delhi,Savings,2005
C1255,21,135520,Delhi,Current,2021
C1256,32,130904,Bangalore,Current,2020
C1257,25,96534,Hyderabad,Savings,2015
C1258,57,75106,Hyderabad,Current,2017
C1259,52,132599,Delhi,Savings,2015
C1260,29,50678,Mumbai,Savings,2016
C1261,61,96218,Chennai,Current,2010
C1262,55,83230,Mumbai,Savings,2013
C1263,39,134684,Mumbai,Savings,2020
C1264,36,94055,Delhi,Current,2008
C1265,23,76373,Delhi,Current,2007
C1266,40,51480,Delhi,Savings,2020
C1267,44,105230,Delhi,Savings,2016
C1268,53,88836,Hyderabad,Current,2015
C1269,44,92258,Delhi,Savings,2009
C1270,31,59986,Hyderabad,Savings,2010
C1271,28,44160,Hyderabad,Savings,2010
C1272,56,105595,Delhi,Savings,2008
C1273,58,121358,Bangalore,Savings,2016
C1274,60,99111,Chennai,Savings,2006
C1275,40,84929,Mumbai,Savings,2021
C1276,55,93506,Hyderabad,Current,2015
C1277,45,54911,Chennai,Current,2015
C1278,55,107127,Bangalore,Current,2020
C1279,45,51821,Mumbai,Current,2006
C1280,49,95039,Mumbai,Current,2006
C1281,38,80535,Hyderabad,Savings,2012
C1282,38,133453,Delhi,Savings,2017
C1283,22,104458,Bangalore,Savings,2014
C1284,55,32175,Hyderabad,Savings,2012
C1285,36,139235,Bangalore,Current,2008
C1286,61,74771,Delhi,Savings,2019
C1287,56,126660,Delhi,Savings,2005
C1288,53,147157,Hyderabad,Current,2015
C1289,24,141300,Delhi,Savings,2011
C1290,53,106925,Chennai,Savings,2021
C1291,34,133374,Mumbai,Current,2016
C1292,41,86358,Hyderabad,Savings,2013
C1293,40,37327,Bangalore,Savings,2009
C1294,28,67057,Chennai,Savings,2014
C1295,27,26150,Hyderabad,Savings,2008
C1296,23,24425,Delhi,Savings,2009
C1297,37,143654,Delhi,Current,2014
C1298,53,36032,Delhi,Current,2015
C1299,32,22198,Delhi,Current,2014
C1300,42,80500,Bangalore,Current,2012
C1301,42,73394,Chennai,Current,2006
C1302,50,40079,Mumbai,Current,2012
C1303,58,56220,Bangalore,Savings,2020
C1304,58,61874,Bangalore,Current,2009
C1305,28,33859,Mumbai,Current,2007
C1306,47,70460,Mumbai,Savings,2016
C1307,47,51419,Delhi,Savings,2017
C1308,54,138865,Bangalore,Current,2017
C1309,41,28705,Hyderabad,Savings,2014
C1310,50,62880,Mumbai,Current,2008
C1311,53,149838,Mumbai,Savings,2013
C1312,48,43236,Chennai,Current,2006
C1313,53,107955,Hyderabad,Savings,2005
C1314,25,105514,Hyderabad,Savings,2011
C1315,39,123145,Mumbai,Current,2021
C1316,24,35358,Delhi,Current,2007
C1317,55,119713,Chennai,Current,2007
C1318,37,114914,Hyderabad,Current,2007
C1319,64,122870,Mumbai,Current,2021
C1320,48,96918,Hyderabad,Savings,2011
C1321,50,139179,Chennai,Current,2018
C1322,49,136243,Chennai,Current,2021
C1323,26,34596,Bangalore,Savings,2017
C1324,55,53572,Mumbai,Savings,2008
C1325,61,98757,Chennai,Current,2005
C1326,57,21279,Bangalore,Savings,2005
C1327,44,83197,Bangalore,Savings,2017
C1328,49,131496,Hyderabad,Current,2014
C1329,51,82516,Hyderabad,Savings,2015
C1330,55,27083,Bangalore,Savings,2013
C1331,53,140674,Hyderabad,Current,2013
C1332,41,140307,Chennai,Current,2009
C1333,52,146457,Delhi,Savings,2005
C1334,43,129397,Chennai,Savings,2021
C1335,53,37771,Bangalore,Current,2006
C1336,23,49975,Bangalore,Savings,2017
C1337,38,65648,Chennai,Savings,2013
C1338,45,145641,Hyderabad,Savings,2008
C1339,62,68285,Hyderabad,Current,2009
C1340,51,39063,Bangalore,Savings,2015
C1341,23,87642,Mumbai,Savings,2007
C1342,60,110093,Hyderabad,Current,2016
C1343,44,134390,Chennai,Savings,2017
C1344,52,106143,Hyderabad,Savings,2011
C1345,42,57599,Chennai,Current,2019
C1346,43,71920,Bangalore,Current,2011
C1347,22,48529,Hyderabad,Current,2012
C1348,47,55954,Chennai,Current,2009
C1349,62,47856,Bangalore,Savings,2018
C1350,22,22573,Mumbai,Savings,2008
C1351,46,98344,Chennai,Current,2014
C1352,37,55367,Mumbai,Current,2019
C1353,60,122337,Mumbai,Savings,2017
C1354,53,126732,Delhi,Current,2012
C1355,29,119608,Hyderabad,Savings,2013
C1356,63,80774,Chennai,Current,2020
C1357,59,43752,Mumbai,Savings,2020
C1358,49,75029,Delhi,Current,2011
C1359,62,37685,Bangalore,Current,2018
C1360,46,71693,Chennai,Savings,2018
C1361,55,136739,Mumbai,Current,2008
C1362,45,75961,Hyderabad,Savings,2019
C1363,44,126937,Delhi,Savings,2007
C1364,33,144956,Mumbai,Savings,2009
C1365,27,96908,Hyderabad,Savings,2005
C1366,56,145537,Mumbai,Savings,2007
C1367,40,146678,Chennai,Current,2019
C1368,21,94532,Chennai,Current,2012
C1369,28,101994,Chennai,Savings,2008
C1370,36,76133,Delhi,Current,2006
C1371,34,117425,Chennai,Savings,2014
C1372,32,145055,Hyderabad,Current,2008
C1373,43,81268,Mumbai,Current,2007
C1374,35,112201,Bangalore,Current,2006
C1375,48,58243,Hyderabad,Current,2021
C1376,54,77384,Hyderabad,Savings,2017
C1377,22,51653,Chennai,Savings,2009
C1378,52,46657,Delhi,Current,2013
C1379,43,59952,Mumbai,Current,2010
C1380,42,42180,Delhi,Savings,2009
C1381,45,117432,Mumbai,Current,2014
C1382,42,141829,Mumbai,Savings,2012
C1383,42,148377,Delhi,Savings,2011
C1384,62,98411,Hyderabad,Savings,2011
C1385,26,21622,Mumbai,Current,2010
C1386,35,68756,Delhi,Savings,2007
C1387,63,60809,Mumbai,Current,2019
C1388,57,36725,Bangalore,Savings,2008
C1389,53,81396,Hyderabad,Current,2016
C1390,28,71226,Chennai,Current,2010
C1391,64,126296,Mumbai,Current,2008
C1392,64,101182,Bangalore,Savings,2019
C1393,25,102565,Chennai,Savings,2013
C1394,59,49402,Chennai,Current,2009
C1395,24,24263,Mumbai,Current,2017
C1396,26,143489,Delhi,Current,2009
C1397,52,116523,Mumbai,Savings,2020
C1398,50,66828,Bangalore,Savings,2018
C1399,55,140824,Chennai,Savings,2020
C1400,60,67924,Mumbai,Savings,2019
C1401,36,94182,Delhi,Current,2008
C1402,33,113065,Mumbai,Current,2011
C1403,62,79052,Hyderabad,Savings,2020
C1404,50,31664,Delhi,Savings,2012
C1405,39,55737,Bangalore,Current,2021
C1406,37,121332,Chennai,Savings,2020
C1407,39,109563,Mumbai,Savings,2014
C1408,48,49373,Delhi,Savings,2014
C1409,46,137369,Hyderabad,Savings,2006
C1410,57,56397,Delhi,Savings,2013
C1411,46,148575,Hyderabad,Savings,2021
C1412,43,106145,Bangalore,Current,2015
C1413,29,121371,Chennai,Savings,2014
C1414,32,58709,Bangalore,Savings,2021
C1415,21,136074,Mumbai,Current,2008
C1416,21,81120,Delhi,Current,2020
C1417,54,39250,Hyderabad,Current,2019
C1418,52,41172,Hyderabad,Savings,2009
C1419,45,31555,Delhi,Current,2010
C1420,60,107410,Delhi,Savings,2021
C1421,21,98617,Mumbai,Savings,2005
C1422,36,73276,Bangalore,Savings,2008
C1423,59,77492,Hyderabad,Current,2021
C1424,25,73002,Mumbai,Current,2013
C1425,42,140103,Bangalore,Current,2006
C1426,49,144938,Mumbai,Current,2012
C1427,23,109599,Hyderabad,Current,2019
C1428,32,92355,Delhi,Savings,2011
C1429,46,111248,Delhi,Savings,2010
C1430,36,44762,Bangalore,Savings,2005
C1431,57,31046,Chennai,Savings,2019
C1432,42,116999,Bangalore,Current,2011
C1433,49,144130,Chennai,Current,2021
C1434,34,136021,Mumbai,Savings,2006
C1435,48,48769,Mumbai,Current,2013
C1436,25,73302,Hyderabad,Current,2013
C1437,50,43150,Chennai,Savings,2017
C1438,25,88247,Hyderabad,Savings,2010
C1439,32,24853,Delhi,Current,2010
C1440,36,114613,Chennai,Current,2007
C1441,46,140900,Bangalore,Savings,2021
C1442,46,109399,Delhi,Savings,2021
C1443,41,41792,Delhi,Savings,2016
C1444,59,79129,Bangalore,Current,2020
C1445,56,126019,Delhi,Savings,2019
C1446,53,94478,Chennai,Savings,2017
C1447,50,133811,Hyderabad,Current,2005
C1448,57,134130,Delhi,Current,2021
C1449,43,87298,Chennai,Current,2007
C1450,30,51987,Mumbai,Current,2019
C1451,25,35850,Chennai,Current,2008
C1452,56,32112,Hyderabad,Savings,2008
C1453,54,141789,Chennai,Savings,2021
C1454,51,44058,Bangalore,Current,2015
C1455,30,65420,Hyderabad,Current,2007
C1456,39,58890,Mumbai,Current,2012
C1457,52,86017,Bangalore,Current,2018
C1458,21,67304,Chennai,Current,2005
C1459,25,52921,Hyderabad,Savings,2018
C1460,24,125921,Mumbai,Savings,2006
C1461,36,21524,Bangalore,Savings,2008
C1462,44,120424,Mumbai,Savings,2010
C1463,36,35048,Chennai,Current,2005
C1464,22,55111,Mumbai,Savings,2021
C1465,48,57904,Delhi,Current,2012
C1466,52,74912,Bangalore,Current,2005
C1467,47,54008,Mumbai,Current,2009
C1468,40,20060,Chennai,Savings,2020
C1469,44,94666,Chennai,Current,2010
C1470,32,103559,Mumbai,Savings,2012
C1471,55,75337,Chennai,Savings,2017
C1472,53,130616,Hyderabad,Current,2020
C1473,53,33350,Hyderabad,Current,2007
C1474,63,44354,Hyderabad,Current,2016
C1475,57,65186,Delhi,Savings,2020
C1476,32,48145,Mumbai,Current,2015
C1477,23,54020,Delhi,Savings,2014
C1478,21,106123,Chennai,Current,2008
C1479,53,126667,Delhi,Current,2016
C1480,60,95186,Chennai,Savings,2006
C1481,30,105469,Chennai,Savings,2009
C1482,63,40581,Bangalore,Savings,2012
C1483,64,108929,Hyderabad,Savings,2011
C1484,49,43051,Chennai,Savings,2018
C1485,33,71474,Bangalore,Savings,2007
C1486,32,111748,Hyderabad,Current,2020
C1487,51,145995,Chennai,Current,2020
C1488,22,134618,Chennai,Savings,2012
C1489,55,89626,Delhi,Current,2005
C1490,43,26960,Delhi,Savings,2021
C1491,37,55772,Hyderabad,Current,2016
C1492,46,41520,Chennai,Current,2015
C1493,28,69481,Mumbai,Savings,2009
C1494,49,56408,Delhi,Savings,2016
C1495,46,114006,Hyderabad,Savings,2021
C1496,30,148496,Chennai,Current,2010
C1497,46,77134,Chennai,Savings,2005
C1498,54,40491,Mumbai,Current,2009
C1499,61,21341,Hyderabad,Savings,2018
C1500,27,64623,Chennai,Current,2009
C1501,24,110327,Delhi,Current,2005
C1502,31,20338,Mumbai,Savings,2020
C1503,49,91431,Hyderabad,Current,2013
C1504,56,32254,Mumbai,Current,2009
C1505,45,71860,Delhi,Savings,2006
C1506,41,31344,Hyderabad,Current,2019
C1507,56,21750,Mumbai,Savings,2011
C1508,30,74756,Bangalore,Savings,2008
C1509,57,87957,Delhi,Savings,2005
C1510,29,125423,Delhi,Savings,2017
C1511,44,78053,Delhi,Current,2011
C1512,55,90855,Bangalore,Current,2019
C1513,55,35896,Bangalore,Current,2018
C1514,56,75761,Chennai,Savings,2014
C1515,38,82552,Mumbai,Current,2013
C1516,59,140075,Chennai,Current,2012
C1517,52,97454,Mumbai,Savings,2014
C1518,44,146522,Bangalore,Savings,2021
C1519,43,138681,Bangalore,Current,2006
C1520,52,110600,Chennai,Savings,2010
C1521,57,142732,Hyderabad,Savings,2009
C1522,32,132153,Chennai,Savings,2013
C1523,33,142926,Mumbai,Savings,2009
C1524,43,47935,Chennai,Current,2013
C1525,45,57641,Delhi,Savings,2021
C1526,55,49711,Mumbai,Savings,2021
C1527,61,90342,Mumbai,Savings,2016
C1528,50,126896,Hyderabad,Savings,2011
C1529,37,32182,Bangalore,Savings,2007
C1530,40,107833,Mumbai,Savings,2014
C1531,45,76276,Bangalore,Savings,2006
C1532,42,39541,Chennai,Savings,2007
C1533,33,114457,Delhi,Current,2020
C1534,39,102310,Hyderabad,Savings,2006
C1535,56,64813,Bangalore,Current,2014
C1536,32,57198,Mumbai,Savings,2010
C1537,61,28820,Bangalore,Savings,2015
C1538,39,44070,Mumbai,Savings,2011
C1539,32,89768,Bangalore,Savings,2019
C1540,29,31122,Mumbai,Current,2010
C1541,27,100559,Chennai,Savings,2013
C1542,48,93543,Mumbai,Savings,2016
C1543,34,103441,Mumbai,Current,2007
C1544,51,61786,Delhi,Current,2019
C1545,39,114934,Mumbai,Savings,2006
C1546,36,119804,Delhi,Current,2006
C1547,25,26737,Hyderabad,Current,2007
C1548,55,56062,Delhi,Current,2010
C1549,32,74237,Chennai,Savings,2019
C1550,45,71571,Delhi,Savings,2014
C1551,41,45510,Hyderabad,Savings,2013
C1552,56,39426,Chennai,Current,2005
C1553,43,57265,Bangalore,Savings,2020
C1554,36,37850,Bangalore,Current,2010
C1555,59,138249,Delhi,Savings,2013
C1556,62,86150,Delhi,Savings,2008
C1557,59,107312,Hyderabad,Current,2006
C1558,34,109613,Hyderabad,Savings,2008
C1559,51,94910,Mumbai,Current,2005
C1560,25,72375,Hyderabad,Current,2014
C1561,55,141826,Mumbai,Savings,2019
C1562,43,55435,Chennai,Current,2020
C1563,49,116443,Delhi,Savings,2008
C1564,63,77132,Chennai,Savings,2006
C1565,31,98945,Hyderabad,Current,2017
C1566,38,102050,Chennai,Savings,2005
C1567,32,149828,Chennai,Current,2021
C1568,29,115402,Chennai,Savings,2017
C1569,30,22983,Hyderabad,Savings,2008
C1570,64,117241,Chennai,Savings,2011
C1571,37,40662,Mumbai,Savings,2021
C1572,58,43510,Hyderabad,Savings,2013
C1573,27,98187,Chennai,Current,2008
C1574,33,60998,Hyderabad,Current,2005
C1575,60,76846,Bangalore,Current,2014
C1576,62,114071,Mumbai,Current,2008
C1577,29,26640,Chennai,Current,2013
C1578,47,64547,Bangalore,Current,2017
C1579,22,74620,Bangalore,Savings,2018
C1580,25,35317,Hyderabad,Savings,2014
C1581,49,135608,Bangalore,Current,2010
C1582,57,27564,Mumbai,Current,2020
C1583,58,47345,Mumbai,Savings,2010
C1584,39,133824,Delhi,Savings,2021
C1585,28,114223,Mumbai,Savings,2014
C1586,21,143372,Bangalore,Current,2007
C1587,42,99273,Mumbai,Current,2019
C1588,37,94859,Hyderabad,Current,2019
C1589,27,100765,Delhi,Savings,2008
C1590,45,130017,Bangalore,Savings,2013
C1591,24,94038,Delhi,Current,2021
C1592,56,143618,Bangalore,Current,2015
C1593,26,72393,Hyderabad,Savings,2013
C1594,51,86081,Delhi,Savings,2014
C1595,39,145341,Chennai,Savings,2017
C1596,64,122650,Bangalore,Savings,2012
C1597,59,49430,Chennai,Current,2011
C1598,47,95532,Delhi,Savings,2021
C1599,30,47788,Chennai,Savings,2019
C1600,46,115505,Chennai,Savings,2019
C1601,39,68543,Delhi,Current,2005
C1602,59,33919,Hyderabad,Current,2018
C1603,23,89346,Chennai,Savings,2009
C1604,33,116122,Chennai,Savings,2015
C1605,48,59974,Hyderabad,Savings,2020
C1606,40,127309,Chennai,Current,2006
C1607,48,36371,Chennai,Current,2012
C1608,28,65084,Chennai,Current,2015
C1609,61,49629,Mumbai,Savings,2007
C1610,59,71184,Hyderabad,Current,2005
C1611,21,81916,Chennai,Savings,2015
C1612,23,147293,Hyderabad,Savings,2020
C1613,33,93972,Bangalore,Savings,2020
C1614,48,82187,Bangalore,Current,2014
C1615,45,32984,Chennai,Savings,2010
C1616,53,53039,Hyderabad,Current,2008
C1617,58,105431,Hyderabad,Current,2017
C1618,26,103691,Hyderabad,Savings,2018
C1619,64,78606,Mumbai,Savings,2007
C1620,52,30616,Bangalore,Current,2014
C1621,41,122665,Hyderabad,Savings,2010
C1622,36,125373,Hyderabad,Current,2005
C1623,41,70072,Mumbai,Savings,2018
C1624,31,44574,Mumbai,Current,2012
C1625,57,23430,Hyderabad,Current,2018
C1626,56,139123,Delhi,Current,2014
C1627,55,32676,Hyderabad,Current,2021
C1628,39,30816,Hyderabad,Savings,2013
C1629,40,52733,Mumbai,Savings,2010
C1630,38,105680,Mumbai,Current,2015
C1631,61,22050,Hyderabad,Current,2011
C1632,34,129996,Hyderabad,Savings,2021
C1633,35,53933,Hyderabad,Savings,2005
C1634,51,44951,Mumbai,Savings,2009
C1635,21,52413,Hyderabad,Savings,2013
C1636,23,54801,Hyderabad,Savings,2006
C1637,36,75619,Chennai,Savings,2015
C1638,43,52913,Delhi,Current,2010
C1639,31,132573,Bangalore,Savings,2012
C1640,32,139076,Delhi,Savings,2008
C1641,30,60600,Chennai,Current,2015
C1642,52,77775,Bangalore,Savings,2009
C1643,36,110816,Hyderabad,Savings,2019
C1644,28,149972,Chennai,Savings,2006
C1645,58,110093,Hyderabad,Savings,2015
C1646,32,132590,Mumbai,Savings,2017
C1647,44,55400,Chennai,Current,2008
C1648,48,24494,Mumbai,Savings,2011
C1649,28,100688,Chennai,Current,2015
C1650,48,142744,Chennai,Current,2008
C1651,56,109431,Mumbai,Savings,2019
C1652,46,94691,Bangalore,Current,2005
C1653,28,117419,Delhi,Savings,2007
C1654,48,128730,Hyderabad,Current,2018
C1655,48,63001,Chennai,Current,2010
C1656,57,87364,Hyderabad,Savings,2005
C1657,61,144988,Mumbai,Savings,2010
C1658,56,65028,Hyderabad,Savings,2010
C1659,47,127434,Mumbai,Savings,2020
C1660,37,117659,Hyderabad,Savings,2009
C1661,29,57573,Delhi,Current,2021
C1662,53,20806,Delhi,Current,2014
C1663,40,144343,Delhi,Current,2011
C1664,33,76638,Delhi,Current,2007
C1665,48,148301,Delhi,Current,2017
C1666,49,146295,Delhi,Current,2019
C1667,33,126506,Mumbai,Current,2007
C1668,55,49757,Chennai,Savings,2008
C1669,26,54636,Hyderabad,Savings,2009
C1670,38,100097,Delhi,Current,2005
C1671,25,68280,Mumbai,Current,2008
C1672,45,44262,Mumbai,Savings,2016
C1673,22,100435,Mumbai,Savings,2014
C1674,30,82211,Chennai,Savings,2017
C1675,50,74842,Hyderabad,Savings,2018
C1676,25,148583,Chennai,Current,2009
C1677,53,76979,Bangalore,Savings,2008
C1678,21,134524,Mumbai,Current,2018
C1679,38,101470,Bangalore,Current,2014
C1680,52,58197,Delhi,Current,2021
C1681,31,61844,Delhi,Savings,2014
C1682,41,84754,Chennai,Savings,2011
C1683,46,121868,Hyderabad,Current,2020
C1684,45,54157,Bangalore,Current,2005
C1685,42,97129,Hyderabad,Current,2021
C1686,47,60042,Chennai,Savings,2013
C1687,33,81665,Delhi,Current,2010
C1688,53,135512,Hyderabad,Savings,2017
C1689,54,136953,Hyderabad,Current,2007
C1690,61,102856,Delhi,Current,2011
C1691,55,47376,Bangalore,Current,2013
C1692,21,129049,Delhi,Savings,2009
C1693,41,75554,Hyderabad,Savings,2014
C1694,26,34199,Bangalore,Current,2021
C1695,48,138533,Bangalore,Savings,2016
C1696,37,101412,Delhi,Current,2020
C1697,25,70948,Hyderabad,Savings,2007
C1698,51,93781,Chennai,Savings,2013
C1699,25,92750,Hyderabad,Savings,2019
C1700,58,86262,Mumbai,Current,2009
C1701,23,137424,Chennai,Savings,2017
C1702,43,66600,Bangalore,Savings,2018
C1703,57,96898,Chennai,Current,2019
C1704,57,82483,Bangalore,Current,2020
C1705,30,38297,Bangalore,Current,2017
C1706,30,50448,Chennai,Current,2021
C1707,39,46172,Bangalore,Savings,2012
C1708,37,62874,Bangalore,Savings,2006
C1709,41,27657,Mumbai,Savings,2009
C1710,34,104386,Hyderabad,Savings,2010
C1711,29,145617,Hyderabad,Savings,2016
C1712,21,45425,Mumbai,Current,2005
C1713,33,46685,Chennai,Savings,2021
C1714,24,142000,Delhi,Savings,2015
C1715,21,132855,Delhi,Savings,2014
C1716,60,44578,Delhi,Current,2018
C1717,52,48831,Mumbai,Current,2014
C1718,54,27906,Mumbai,Savings,2019
C1719,48,81413,Bangalore,Current,2008
C1720,51,74028,Delhi,Current,2006
C1721,28,27287,Chennai,Current,2013
C1722,59,53660,Chennai,Current,2014
C1723,46,95758,Delhi,Current,2015
C1724,54,80504,Delhi,Current,2018
C1725,23,79720,Delhi,Current,2011
C1726,32,122979,Mumbai,Savings,2019
C1727,21,54701,Mumbai,Savings,2019
C1728,64,103300,Mumbai,Current,2012
C1729,25,130177,Hyderabad,Savings,2015
C1730,50,37674,Chennai,Savings,2013
C1731,50,103560,Chennai,Current,2019
C1732,37,131543,Bangalore,Savings,2005
C1733,43,43874,Mumbai,Current,2005
C1734,35,63642,Hyderabad,Current,2007
C1735,57,143867,Hyderabad,Current,2014
C1736,41,117820,Chennai,Savings,2012
C1737,34,85160,Mumbai,Savings,2019
C1738,22,37602,Bangalore,Savings,2014
C1739,31,123320,Mumbai,Savings,2005
C1740,59,108801,Delhi,Current,2006
C1741,58,45931,Mumbai,Current,2017
C1742,54,114377,Delhi,Savings,2005
C1743,58,49192,Delhi,Current,2006
C1744,54,66542,Bangalore,Current,2020
C1745,38,147015,Chennai,Savings,2019
C1746,50,62520,Mumbai,Current,2017
C1747,35,84772,Delhi,Savings,2020
C1748,47,78762,Mumbai,Current,2021
C1749,54,70106,Chennai,Savings,2011
C1750,58,101121,Chennai,Current,2021
C1751,53,45559,Hyderabad,Current,2011
C1752,44,125595,Chennai,Savings,2017
C1753,35,53742,Bangalore,Savings,2009
C1754,50,89669,Delhi,Savings,2021
C1755,62,100199,Hyderabad,Savings,2007
C1756,37,41754,Bangalore,Current,2011
C1757,25,23972,Mumbai,Current,2021
C1758,49,90831,Delhi,Savings,2011
C1759,24,132217,Chennai,Current,2005
C1760,30,61873,Delhi,Savings,2021
C1761,37,114661,Mumbai,Savings,2021
C1762,30,126532,Hyderabad,Current,2015
C1763,37,146267,Hyderabad,Current,2007
C1764,40,29903,Hyderabad,Savings,2019
C1765,44,23020,Chennai,Savings,2015
C1766,25,61755,Bangalore,Savings,2020
C1767,54,105956,Bangalore,Current,2013
C1768,26,106988,Delhi,Current,2005
C1769,22,65648,Chennai,Current,2020
C1770,33,123537,Hyderabad,Current,2013
C1771,63,145991,Hyderabad,Savings,2016
C1772,63,29516,Mumbai,Savings,2013
C1773,31,132863,Mumbai,Savings,2011
C1774,43,135005,Hyderabad,Savings,2018
C1775,36,22396,Hyderabad,Savings,2006
C1776,51,104082,Chennai,Savings,2013
C1777,31,39129,Bangalore,Current,2017
C1778,36,148322,Mumbai,Current,2019
C1779,28,21591,Bangalore,Savings,2007
C1780,24,31303,Chennai,Savings,2015
C1781,60,50561,Hyderabad,Current,2018
C1782,24,91719,Bangalore,Current,2012
C1783,45,138618,Hyderabad,Current,2020
C1784,23,112108,Hyderabad,Current,2006
C1785,52,148748,Delhi,Savings,2012
C1786,23,119616,Bangalore,Savings,2010
C1787,47,144165,Bangalore,Savings,2016
C1788,49,106231,Hyderabad,Savings,2019
C1789,52,27314,Chennai,Savings,2012
C1790,39,137071,Delhi,Current,2008
C1791,41,39623,Hyderabad,Savings,2019
C1792,25,87675,Mumbai,Current,2021
C1793,38,132992,Mumbai,Savings,2017
C1794,48,116826,Delhi,Savings,2006
C1795,62,85082,Chennai,Savings,2017
C1796,42,149839,Hyderabad,Savings,2017
C1797,41,103624,Bangalore,Savings,2019
C1798,26,125228,Delhi,Current,2014
C1799,21,53130,Chennai,Current,2007
C1800,25,71756,Bangalore,Current,2007
C1801,61,117624,Mumbai,Savings,2018
C1802,32,46292,Mumbai,Savings,2012
C1803,46,131785,Bangalore,Current,2008
C1804,54,147331,Delhi,Savings,2015
C1805,34,106206,Mumbai,Savings,2015
C1806,46,89274,Hyderabad,Current,2015
C1807,47,22469,Bangalore,Savings,2006
C1808,29,73947,Bangalore,Current,2021
C1809,46,42534,Mumbai,Savings,2013
C1810,42,83620,Delhi,Current,2006
C1811,50,68874,Hyderabad,Savings,2019
C1812,63,69708,Delhi,Savings,2020
C1813,37,94553,Chennai,Current,2008
C1814,46,88344,Chennai,Savings,2012
C1815,56,69138,Mumbai,Savings,2013
C1816,21,74302,Mumbai,Current,2009
C1817,28,67638,Mumbai,Savings,2020
C1818,55,98249,Chennai,Current,2017
C1819,35,125865,Delhi,Savings,2011
C1820,42,22719,Delhi,Savings,2021
C1821,34,42890,Mumbai,Savings,2007
C1822,46,97236,Hyderabad,Savings,2009
C1823,48,56509,Delhi,Current,2016
C1824,43,62534,Chennai,Savings,2011
C1825,34,122302,Bangalore,Current,2013
C1826,44,112241,Bangalore,Savings,2010
C1827,22,38787,Bangalore,Savings,2021
C1828,46,146209,Hyderabad,Savings,2020
C1829,34,68845,Mumbai,Savings,2007
C1830,27,77932,Chennai,Current,2008
C1831,23,112124,Hyderabad,Current,2014
C1832,43,111659,Chennai,Current,2009
C1833,63,53062,Chennai,Current,2014
C1834,38,95713,Mumbai,Savings,2016
C1835,58,107263,Bangalore,Current,2014
C1836,55,115756,Mumbai,Current,2017
C1837,35,80461,Hyderabad,Savings,2015
C1838,45,95418,Hyderabad,Savings,2020
C1839,57,86672,Hyderabad,Savings,2012
C1840,48,148232,Mumbai,Savings,2012
C1841,30,54832,Chennai,Current,2012
C1842,59,147335,Chennai,Current,2017
C1843,37,51966,Delhi,Savings,2006
C1844,59,92545,Hyderabad,Savings,2016
C1845,42,32987,Chennai,Savings,2014
C1846,46,57311,Delhi,Current,2016
C1847,64,51575,Chennai,Current,2015
C1848,45,83852,Hyderabad,Savings,2019
C1849,37,147650,Bangalore,Savings,2020
C1850,33,21007,Hyderabad,Current,2021
C1851,40,90981,Mumbai,Savings,2006
C1852,45,96242,Chennai,Savings,2016
C1853,24,67517,Chennai,Current,2021
C1854,30,130022,Mumbai,Savings,2010
C1855,23,49257,Mumbai,Current,2019
C1856,61,107272,Bangalore,Savings,2007
C1857,38,62207,Chennai,Savings,2010
C1858,56,33281,Chennai,Current,2007
C1859,42,81246,Bangalore,Current,2005
C1860,54,21435,Delhi,Savings,2017
C1861,28,118875,Bangalore,Current,2018
C1862,60,120686,Hyderabad,Savings,2017
C1863,64,111357,Chennai,Savings,2008
C1864,39,46660,Mumbai,Current,2011
C1865,62,25084,Hyderabad,Savings,2014
C1866,61,102197,Chennai,Savings,2011
C1867,57,33507,Bangalore,Current,2019
C1868,26,92595,Hyderabad,Current,2019
C1869,46,103807,Chennai,Savings,2008
C1870,54,65539,Delhi,Current,2010
C1871,26,135953,Delhi,Current,2009
C1872,57,27491,Mumbai,Current,2016
C1873,53,147706,Chennai,Current,2005
C1874,42,132831,Delhi,Savings,2012
C1875,41,70192,Bangalore,Savings,2005
C1876,26,100395,Chennai,Savings,2009
C1877,26,143797,Bangalore,Current,2010
C1878,24,83888,Bangalore,Current,2007
C1879,50,93609,Delhi,Current,2019
C1880,31,29077,Chennai,Current,2009
C1881,50,137440,Hyderabad,Current,2018
C1882,51,142901,Delhi,Current,2020
C1883,44,40953,Delhi,Current,2010
C1884,29,96919,Chennai,Savings,2018
C1885,23,134682,Chennai,Savings,2012
C1886,51,141041,Bangalore,Current,2011
C1887,60,87889,Chennai,Current,2012
C1888,57,43821,Bangalore,Current,2017
C1889,56,57567,Delhi,Savings,2010
C1890,44,135374,Mumbai,Savings,2006
C1891,51,44860,Hyderabad,Current,2012
C1892,26,41195,Delhi,Current,2015
C1893,22,97475,Chennai,Savings,2005
C1894,40,110874,Hyderabad,Savings,2010
C1895,48,107266,Mumbai,Savings,2020
C1896,31,41427,Mumbai,Savings,2016
C1897,24,120732,Bangalore,Current,2015
C1898,35,47083,Hyderabad,Savings,2014
C1899,26,107046,Bangalore,Savings,2007
C1900,50,77372,Delhi,Current,2017
C1901,58,143786,Hyderabad,Savings,2007
C1902,22,64064,Delhi,Savings,2019
C1903,35,27813,Bangalore,Savings,2020
C1904,31,51598,Hyderabad,Current,2017
C1905,28,132718,Bangalore,Savings,2021
C1906,46,146879,Hyderabad,Current,2007
C1907,64,113106,Bangalore,Current,2015
C1908,25,47082,Mumbai,Savings,2015
C1909,26,49241,Bangalore,Savings,2020
C1910,46,116214,Mumbai,Savings,2007
C1911,24,64569,Bangalore,Savings,2010
C1912,39,31745,Hyderabad,Current,2018
C1913,40,46029,Hyderabad,Savings,2021
C1914,53,33025,Hyderabad,Savings,2008
C1915,40,121660,Chennai,Savings,2019
C1916,32,143395,Delhi,Current,2015
C1917,21,34288,Hyderabad,Savings,2007
C1918,46,109186,Mumbai,Savings,2007
C1919,34,26540,Hyderabad,Current,2020
C1920,58,117768,Chennai,Current,2009
C1921,57,101958,Mumbai,Savings,2014
C1922,31,88878,Chennai,Savings,2008
C1923,56,61846,Mumbai,Savings,2015
C1924,33,121148,Bangalore,Savings,2006
C1925,63,95932,Delhi,Savings,2014
C1926,23,37482,Delhi,Current,2015
C1927,53,43411,Chennai,Current,2020
C1928,26,70975,Delhi,Savings,2015
C1929,30,80545,Chennai,Savings,2018
C1930,25,132302,Chennai,Current,2006
C1931,43,98797,Chennai,Savings,2009
C1932,30,72307,Delhi,Savings,2009
C1933,64,23093,Chennai,Savings,2016
C1934,22,97258,Delhi,Savings,2008
C1935,33,42042,Chennai,Savings,2021
C1936,60,72930,Hyderabad,Current,2014
C1937,22,137584,Chennai,Savings,2010
C1938,40,64413,Mumbai,Savings,2018
C1939,21,133387,Chennai,Savings,2015
C1940,57,113623,Bangalore,Current,2015
C1941,29,117883,Chennai,Current,2015
C1942,37,53756,Mumbai,Current,2016
C1943,29,73268,Mumbai,Current,2009
C1944,31,59214,Delhi,Savings,2013
C1945,35,101871,Hyderabad,Current,2013
C1946,44,147844,Chennai,Savings,2014
C1947,58,48602,Delhi,Savings,2005
C1948,55,73331,Hyderabad,Current,2011
C1949,50,68901,Chennai,Current,2008
C1950,51,119986,Bangalore,Current,2005
C1951,25,83416,Chennai,Current,2019
C1952,64,52196,Mumbai,Current,2012
C1953,34,148386,Mumbai,Savings,2016
C1954,31,25626,Bangalore,Current,2019
C1955,29,27424,Delhi,Current,2021
C1956,54,32857,Hyderabad,Current,2018
C1957,32,130459,Chennai,Savings,2018
C1958,55,135621,Mumbai,Current,2020
C1959,55,39982,Delhi,Savings,2005
C1960,21,96961,Bangalore,Current,2015
C1961,60,21980,Mumbai,Current,2019
C1962,42,68290,Bangalore,Savings,2016
C1963,49,46431,Chennai,Current,2012
C1964,28,104976,Hyderabad,Savings,2010
C1965,31,127288,Mumbai,Savings,2007
C1966,61,102711,Mumbai,Savings,2017
C1967,57,134187,Chennai,Current,2017
C1968,34,46385,Delhi,Current,2006
C1969,50,58158,Hyderabad,Current,2009
C1970,55,43019,Mumbai,Savings,2021
C1971,41,38639,Hyderabad,Current,2010
C1972,57,105530,Mumbai,Savings,2006
C1973,25,119911,Hyderabad,Current,2008
C1974,39,41563,Bangalore,Savings,2015
C1975,34,59341,Mumbai,Savings,2012
C1976,46,135672,Hyderabad,Savings,2016
C1977,24,25776,Delhi,Current,2012
C1978,45,56444,Bangalore,Savings,2015
C1979,62,88916,Bangalore,Savings,2012
C1980,45,28711,Delhi,Savings,2012
C1981,38,94318,Hyderabad,Savings,2021
C1982,60,102970,Chennai,Savings,2020
C1983,28,132301,Delhi,Savings,2018
C1984,59,105553,Hyderabad,Current,2015
C1985,60,50707,Delhi,Current,2011
C1986,34,59110,Delhi,Savings,2020
C1987,52,149410,Mumbai,Current,2017
C1988,58,81788,Hyderabad,Current,2019
C1989,53,102879,Chennai,Savings,2020
C1990,43,58827,Mumbai,Savings,2013
C1991,35,127188,Delhi,Savings,2007
C1992,53,25655,Delhi,Current,2009
C1993,45,64859,Delhi,Savings,2014
C1994,37,73625,Hyderabad,Current,2021
C1995,53,72098,Hyderabad,Savings,2019
C1996,22,35251,Mumbai,Current,2012
C1997,34,142413,Chennai,Savings,2019
C1998,60,20526,Mumbai,Savings,2018
C1999,60,88760,Bangalore,Current,2011
